{
    "frame_id": 4,
    "keypoints_2d": [
        [
            458.1241210181014,
            242.86227851348215
        ],
        [
            469.5834941167713,
            231.20900453338018
        ],
        [
            300.83358154337583,
            82.0120344908185
        ],
        [
            290.3912748252781,
            64.94322387091788
        ],
        [
            542.3070916880736,
            387.7435310213133
        ],
        [
            537.8176460695321,
            367.5975633789961
        ],
        [
            258.9021542634038,
            370.92073217906767
        ],
        [
            260.3284187639348,
            393.9242615012681
        ],
        [
            67.05426218493388,
            347.4428246222759
        ],
        [
            665.2931367468416,
            656.2085018398672
        ],
        [
            53.90133469506937,
            334.3555837225281
        ],
        [
            795.3793716511731,
            214.51292176063117
        ],
        [
            818.6757478752148,
            195.7088252632778
        ],
        [
            287.8397916505483,
            -27.668938651498706
        ]
    ],
    "camera_matrix_K": [
        [
            888.8890923394098,
            0.0,
            319.5
        ],
        [
            0.0,
            888.8890923394098,
            239.5
        ],
        [
            0.0,
            0.0,
            1.0
        ]
    ],
    "image_resolution": [
        640,
        480
    ]
}