{
    "frame_id": 2,
    "keypoints_2d": [
        [
            405.8177744942446,
            195.14672686712493
        ],
        [
            395.86250951651465,
            197.75428800731697
        ],
        [
            444.5249478163222,
            328.24897174766437
        ],
        [
            445.37115956463583,
            343.0623818248635
        ],
        [
            406.79681999238,
            116.47364209658289
        ],
        [
            403.1660170258651,
            124.83165366389483
        ],
        [
            544.8576999293591,
            185.4468073163063
        ],
        [
            548.705133470764,
            175.38331598892847
        ],
        [
            641.631931319488,
            265.80402944477333
        ],
        [
            421.3671533339055,
            13.645496699587056
        ],
        [
            651.0864309168753,
            252.2536116555587
        ],
        [
            204.4353589807776,
            145.12089207373552
        ],
        [
            201.31264936732475,
            129.31610171593601
        ],
        [
            412.28848290718486,
            413.2239610874778
        ]
    ],
    "camera_matrix_K": [
        [
            888.8890923394098,
            0.0,
            319.5
        ],
        [
            0.0,
            888.8890923394098,
            239.5
        ],
        [
            0.0,
            0.0,
            1.0
        ]
    ],
    "image_resolution": [
        640,
        480
    ]
}