{
    "frame_id": 3,
    "keypoints_2d": [
        [
            365.05989901429,
            227.22975943742063
        ],
        [
            359.88071159093465,
            221.871139557172
        ],
        [
            260.6698746405359,
            276.345518185979
        ],
        [
            248.7903973242906,
            279.5114890568789
        ],
        [
            438.73895637378655,
            210.68595053556038
        ],
        [
            429.4790723640902,
            210.35952801486874
        ],
        [
            417.9031671246934,
            314.9222029057427
        ],
        [
            429.3654485955833,
            315.74660966047634
        ],
        [
            384.99542713837843,
            415.79625048195584
        ],
        [
            549.3290589995319,
            195.51396225023095
        ],
        [
            386.55536133061526,
            403.6807171970885
        ],
        [
            364.50677941559707,
            115.93712154684471
        ],
        [
            365.3325755547774,
            101.10179681898775
        ],
        [
            187.66250100185113,
            272.6104892381351
        ]
    ],
    "camera_matrix_K": [
        [
            888.8890923394098,
            0.0,
            319.5
        ],
        [
            0.0,
            888.8890923394098,
            239.5
        ],
        [
            0.0,
            0.0,
            1.0
        ]
    ],
    "image_resolution": [
        640,
        480
    ]
}