{
    "frame_id": 0,
    "keypoints_2d": [
        [
            323.42042836448826,
            420.05067750265096
        ],
        [
            327.1316592027337,
            435.8622003327711
        ],
        [
            541.1352488536484,
            389.0266920868402
        ],
        [
            563.0911558661066,
            390.68595742409605
        ],
        [
            178.31270735657782,
            402.6343923323517
        ],
        [
            193.91288820152272,
            410.201713682586
        ],
        [
            318.8797008973076,
            212.96284453714313
        ],
        [
            302.0778546922532,
            204.44535971035174
        ],
        [
            428.3357124312274,
            105.68416957638128
        ],
        [
            -31.0425489076775,
            354.60830564352074
        ],
        [
            433.1718836154982,
            91.9491651870561
        ],
        [
            180.60789404218846,
            740.455788737378
        ],
        [
            173.49459749215472,
            757.1349265882377
        ],
        [
            663.0746845457513,
            448.2705120935198
        ]
    ],
    "camera_matrix_K": [
        [
            888.8890923394098,
            0.0,
            319.5
        ],
        [
            0.0,
            888.8890923394098,
            239.5
        ],
        [
            0.0,
            0.0,
            1.0
        ]
    ],
    "image_resolution": [
        640,
        480
    ]
}