{
    "frame_id": 1,
    "keypoints_2d": [
        [
            329.79682115649877,
            270.572758869755
        ],
        [
            323.09198538534554,
            264.75397592536234
        ],
        [
            228.59466485944142,
            351.1232847921503
        ],
        [
            216.49948835798634,
            357.2853791274102
        ],
        [
            404.8188045390166,
            236.65484275768375
        ],
        [
            394.9376432501989,
            237.8719571217718
        ],
        [
            403.51666839910564,
            369.1414879597545
        ],
        [
            415.57902882327375,
            368.0206263030119
        ],
        [
            386.5956900266613,
            486.0250289170683
        ],
        [
            518.0614036570869,
            198.39762863842301
        ],
        [
            388.5009706626647,
            480.7712910207112
        ],
        [
            302.69463657803914,
            120.5782560346667
        ],
        [
            302.303324787376,
            107.76081265113409
        ],
        [
            148.2195178719386,
            360.24292644092105
        ]
    ],
    "camera_matrix_K": [
        [
            888.8890923394098,
            0.0,
            319.5
        ],
        [
            0.0,
            888.8890923394098,
            239.5
        ],
        [
            0.0,
            0.0,
            1.0
        ]
    ],
    "image_resolution": [
        640,
        480
    ]
}